track_id,n_frames,path_length,displacement,mean_speed,persistence
10,36,175.7709885050834,97.25006027221222,5.022028243002383,0.5532770857085991
11,12,70.33523520765223,52.55332399641818,6.394112291604748,0.747183454228366
13,13,110.10213482355582,61.140328868002875,9.175177901962984,0.5553055711951754
15,25,155.92012627468762,116.12516750196386,6.496671928111984,0.744773431605512
16,37,206.55609957092082,120.21965029482044,5.737669432525578,0.5820193668671747
21,33,219.77354178099608,101.2823702441978,6.867923180656128,0.46084878745379415
23,13,96.03398479208084,87.98266355091883,8.002832066006738,0.9161617498368563
24,64,336.0382755980173,217.55286463900183,5.3339408825082115,0.6474050143598744
25,10,71.34817379823275,68.33871739283742,7.927574866470305,0.9578201340666989
26,18,250.34461818076727,128.27485412681446,14.726154010633369,0.5123930966001057
27,42,216.8463424940991,107.09036517074018,5.288935182782905,0.49385368431406385
28,64,297.46028679843175,192.0930153902625,4.7215918539433614,0.6457770126485175
29,48,406.0572929267767,174.50783994968046,8.639516870782483,0.4297616198242966
30,64,413.8913921196961,176.08272211903412,6.569704636820573,0.42543219180579517
31,64,273.27032303615437,183.44837480593947,4.337624175177053,0.6713073441994972
32,15,112.05941768172286,102.29673558783574,8.004244120123062,0.9128794143691197
33,36,196.50265156566286,185.02994421588056,5.614361473304653,0.9416155087049876
34,64,259.62699629795765,189.54897689507885,4.121063433300915,0.7300819236746295
36,22,150.10594794157598,137.05793637550207,7.147902282932189,0.9130746533031959
38,64,330.89849811203965,221.65275041663992,5.252357112889518,0.669851183010175
39,64,276.74044465051475,187.34097451259936,4.392705470643091,0.6769555304761663
40,64,246.1678988203504,185.40454821975365,3.907426965402387,0.7531629798532712
41,22,119.43814261606441,101.29330820188831,5.687530600764972,0.8480817432626784
42,38,206.2279121948797,166.4503496405548,5.57372735661837,0.8071184344981576
43,64,55.30938843742562,26.56559836298224,0.8779268005940575,0.4803090237209417
44,28,129.63013893047244,82.99225063182624,4.801116256684164,0.6402234180767129
45,30,215.32786076863036,145.69104120122682,7.1775953589543455,0.6766009780674492
46,64,508.91221950811274,177.61186422740508,8.077971738224011,0.34900294671461257
47,17,133.62541235380732,65.34859984048225,8.351588272112958,0.4890432043528905
48,43,258.58686134457224,193.3844562697311,6.156830032013625,0.7478510519219396
50,20,27.20054892269422,18.29731899679026,1.360027446134711,0.6726819759701345
51,44,253.16788574001467,162.1204670908499,5.887625249767783,0.6403674250269484
52,64,629.319539715618,274.5439515383112,9.989199043105048,0.43625524747312683
53,59,379.6569651038455,146.37261953047482,6.54580974316975,0.3855391392343831
54,63,333.8145082359363,240.5262233418825,5.38410497154736,0.7205385548188377
55,22,117.05283353950882,110.6250760321438,5.573944454262325,0.9450866987752546
56,63,388.1529392810765,202.59136557235462,6.161157766366293,0.5219369611050412
58,62,251.46996526394446,180.5960376293025,4.122458446949909,0.7181614609114363
59,14,95.85912350799317,90.60899495087406,7.373778731384091,0.9452307890476244
60,64,257.106694685051,188.12571353504103,4.081058645794461,0.7317028977619199
61,21,103.07593582532343,97.00410479212044,5.1537967912661715,0.9410936123491273
62,64,299.26183980157845,188.07366860424543,4.750187933358388,0.6284585723624007
63,27,204.083959087765,118.01441702083899,7.8493830418371155,0.5782640514636804
64,64,501.19321153454507,185.55511308873838,7.955447802135636,0.3702267086192345
65,62,413.3794418247712,140.6188884658475,6.776712161061823,0.34016904141414683
66,16,128.08629587164108,119.19669098230742,7.534487992449476,0.9305967525343836
67,64,381.2154374850418,150.81240038646536,6.051038690238759,0.39560937348551883
68,25,132.88854598579886,128.73140673400837,5.537022749408286,0.9687170988217846
69,49,347.97886551283807,153.4940404381243,7.249559698184126,0.44110161751320903
71,64,420.6694278495791,185.36768094969008,6.677292505548874,0.4406492810691557
72,23,158.38624221647902,129.86376265167894,7.199374646203592,0.8199182001817042
73,64,456.13730615951926,176.19869582604304,7.24027470094475,0.3862843346657185
74,64,623.4177548560955,203.20092978942077,9.895519918350722,0.32594665167392606
75,59,485.19608155199955,188.13534235940733,8.365449681931027,0.38775115775382546
76,57,250.89935898644933,167.46710271629718,4.480345696186595,0.6674672402225699
77,40,153.1574825804989,36.337806830868445,3.8289370645124725,0.23725779647605172
78,26,287.0342522485649,161.0362911863203,11.481370089942596,0.5610351026917397
80,63,265.0476658890619,161.58481226187973,4.274962353049385,0.6096443510259492
81,64,286.07973105233975,196.201756443008,4.5409481119419,0.6858289320997435
82,62,335.9199607699562,219.98073796980992,5.332062869364385,0.6548605729340881
83,64,575.1187484106559,168.00729478841518,9.128869022391363,0.2921262700141568
85,18,31.58557315946864,19.319342493750888,1.8579748917334495,0.611650844396958
86,40,244.01383231023567,149.6792166160822,6.256764931031684,0.6134046385771368
87,40,160.27017369412462,113.08308549438267,4.1094916331826825,0.7055778557412783
88,29,142.16256424808176,136.21661991627553,5.077234437431492,0.9581750345932828
89,64,233.6170441314229,184.9096731880948,3.708207049705125,0.7915076311130476
90,64,261.79897566864776,184.6475311161632,4.155539296327742,0.7053027256679065
91,64,447.8148964362579,231.0720601634708,7.108172959305682,0.5159990478261405
92,64,306.5479262664793,174.36256874683852,4.865840099467925,0.5687938289795076
94,64,461.7761519773878,128.9953121639313,7.329780190117267,0.2793459809727201
95,47,388.09238173824906,167.508450660111,8.43679090735324,0.4316200434284432
96,64,260.2646897727894,192.9377486884118,4.131185551949038,0.7413135790984405
97,16,86.35790806434919,83.21884008546341,5.757193870956613,0.9636504861078071
98,59,557.612426089379,180.51267807429144,9.614007346368604,0.32372427447547103
99,64,455.4480288625718,191.00958481672035,7.229333791469394,0.41938832251342584
100,52,255.46013430223726,180.92802527877603,4.912694890427639,0.7082436786975083
101,64,413.5365940494785,185.60870199931168,6.564072921420293,0.4488325934635524
102,64,271.9052218893128,179.55800085998771,4.315955903004966,0.6603698142034292
103,10,58.0826862833865,29.578530975342918,6.4536318092651666,0.5092486740545835
104,64,539.302606986103,193.8842438424305,8.560358841049254,0.3595091908158096
105,64,282.6583471101764,196.97650853518937,4.486640430320261,0.6968713662590357
106,59,249.17953909040682,178.71458390438684,4.296198949834601,0.7172121136300279
107,64,280.29480390547235,170.50959135277776,4.449123871515434,0.6083223412528227
109,63,406.826249854463,179.42822356220606,6.561713707330049,0.44104386977584226
110,64,307.2625173203742,223.40920886511097,4.877182814609114,0.7270955494781953
111,36,138.33344893923743,109.92215674927719,3.9523842554067836,0.7946173365312404
112,22,105.78544746171862,81.71085658509764,5.037402260081839,0.7724205790656317
113,40,160.3288845767831,128.81496710494912,4.008222114419578,0.8034420462973928
114,57,297.5063389781613,189.87102205220992,5.219409455757216,0.6382083242473283
115,64,299.63270674843517,203.5576634490089,4.756074710292622,0.679357289322595
116,60,640.2614453895778,190.87407141174833,10.8518889049081,0.2981189524782455
118,64,260.80375139684793,193.22620135950177,4.139742085664253,0.7408873542830378
119,15,49.35085301822275,42.88178079315466,3.5250609298730535,0.8689167090449401
120,64,372.55982435995253,201.75468611147926,5.913648005713532,0.541536346432652
121,43,176.29858051260732,108.6163294282347,4.1975852503001745,0.6160930457433117
122,13,60.85526861623432,41.19730283526589,5.071272384686194,0.6769718345187898
123,64,293.8438503867611,246.88282907499445,4.66418810137716,0.8401837532078484
124,64,298.314380007144,255.99772157433435,4.735148889002286,0.8581474401877769
125,17,93.12138995874236,63.30875893697144,5.820086872421397,0.6798519541538257
126,64,274.3447917035347,222.06402536743897,4.35467923338944,0.8094340847097549
128,64,277.0870522734623,194.27649644176594,4.398207178943846,0.7011388473324655
129,64,380.0009866760956,249.2808208759103,6.031761693271358,0.6560004568840547
130,64,651.8070737762781,246.52416146822188,10.34614402819489,0.37821645604422693
133,64,272.2330282194032,225.24184308459812,4.321159178085765,0.827386171905148
134,13,58.924133260877326,38.69108523659534,4.910344438406444,0.6566254452194765
135,64,651.7840602895897,206.4494877143739,10.345778734755392,0.31674522329166466
136,64,372.4986249162337,274.5881278378569,5.912676585971964,0.7371520576743213
137,12,54.75679631243246,50.413422210127486,4.977890573857497,0.9206788125893549
138,34,155.8277227358385,102.84813316530574,4.722052204116318,0.6600117832669316
139,64,283.99340745114,237.33488541500108,4.507831864303809,0.8357056156517776
141,64,310.11966365615496,189.44729532639468,4.922534343748492,0.6108844988831288
142,12,47.959096668947424,28.291476330318922,4.35991787899522,0.5899084489770446
143,21,66.34543381262887,52.10526927739495,3.1593063720299464,0.7853633066074956
144,64,289.571424698563,211.68585359443324,4.596371820612111,0.7310315712774256
145,64,263.4874038992703,229.7270202210048,4.182339744432862,0.871870976833595
146,64,307.2768470561694,276.21558608076066,4.877410270732848,0.8989144113102319
147,64,415.91174808668757,189.30743756436428,6.6017737791537705,0.4551625156904857
148,64,479.2962143335726,265.7707234105189,7.607876417993216,0.5545020291471616
149,18,101.99903430867604,69.44629854363275,5.999943194628003,0.6808525101666149
150,64,352.285523732882,206.62189642422322,5.591833710045746,0.5865182714146745
152,64,263.3182976884278,227.70096151884027,4.179655518863933,0.8647365698386376
153,64,420.0562008186307,216.90711033167267,6.667558743152869,0.5163764037025309
154,24,156.8908353670201,107.83260299316055,6.821340668131308,0.6873097637660228
155,64,432.85719406673513,306.2007561783377,6.870749112170399,0.7073944025315879
156,64,324.09496405139686,191.22497192521473,5.144364508752331,0.5900275941803562
157,59,386.31232714822016,298.39840848689073,6.660557364624486,0.7724278712245217
158,64,361.7629447067546,214.82070437464208,5.742268963599279,0.5938162200354046
159,64,414.4719031954622,305.45067601118956,6.57891909834067,0.7369635279406167
160,20,65.67557848598258,50.63143714064456,3.4566093939990834,0.7709324882680865
161,64,328.57421981301854,265.090419182612,5.21546380655585,0.8067900741983555
163,24,130.99268365545922,111.63334657871486,5.695334071976488,0.8522105469060864
166,64,255.47117905295528,196.1651384599521,4.0550980802056396,0.7678562379801365
167,64,1721.2242671750764,192.63236128424347,27.321020113890103,0.11191589902482454
168,27,94.60120559335556,71.30614786566402,3.638507907436752,0.7537551706494563
170,31,83.2313366718679,62.05113110021733,2.7743778890622632,0.7455260672413369
171,64,274.48152759907964,172.88382803339633,4.356849644429835,0.6298559671597224
172,64,734.9456282418954,334.0726434418056,11.665803622887228,0.4545542290535961
173,64,351.5331010053891,294.61845507085,5.579890492149033,0.8380959125278318
174,39,147.85538333438976,119.69269048936498,3.8909311403786777,0.8095254145645003
175,64,319.1065104839519,174.27091763262317,5.0651827060944745,0.5461214732608451
176,64,416.5040267955711,303.92128454190623,6.611175028501129,0.7296959092572642
178,63,827.7815611444995,266.4250144810299,13.351315502330637,0.32185425115373173
179,64,803.216861673784,152.7213128644153,12.749473994821969,0.19013708520282666
180,64,630.8595472100352,173.17520927510324,10.013643606508495,0.27450675834417887
181,64,271.01662968643024,53.193407421021526,4.301851264863972,0.19627359207649725
182,64,278.54867290210734,245.0449360993808,4.421407506382656,0.8797203502940363
183,64,699.8486438955453,173.42801524927782,11.108708633262623,0.24780788926578606
184,64,420.3930306917407,270.79707382852365,6.672905249075249,0.6441521482478846
185,64,293.16421750616894,229.20037429264926,4.653400277875697,0.7818156535008447
186,64,1166.850727003442,155.30098624305407,18.521440111165745,0.13309413333604236
187,64,497.84314108679894,318.8343495097742,7.90227208074284,0.6404313391036263
188,33,103.97424467058886,62.42808652994584,3.249195145955902,0.6004187549304202
189,64,369.29272379141617,141.47631238601488,5.861789266530415,0.38310073086065866
190,64,291.1657008841156,162.27274766675856,4.621677791811359,0.5573209590759571
193,64,597.486153318979,229.3159633679728,9.483907195539349,0.38380130166053955
195,63,832.7786874801719,150.0263343779336,13.431914314196321,0.18015150559614396
196,64,410.3851786789103,270.8543962051309,6.514050455220798,0.6600004344139588
197,64,354.30137275056006,173.25931189010532,5.623831313500953,0.489016767124088
198,64,328.59623183973054,246.89482583066257,5.215813203805246,0.7513623161420884
199,64,281.79798345439946,209.66432930995896,4.472983864355547,0.7440235261438158
200,64,376.54992623145176,171.15006998625446,5.97698295605479,0.4545215868162317
202,64,563.7835296120984,191.68959111372348,8.948944914477753,0.3400056600546884
203,64,316.64456672047095,221.76303872663865,5.026104233658269,0.7003532099838862
204,10,74.36483790126687,73.20517026294867,8.262759766807429,0.9844056993728962
205,26,75.30869035219041,21.098389025661163,3.0123476140876164,0.2801587562735713
206,64,258.1983575376793,138.3850223864153,4.098386627582212,0.5359639918167199
207,64,772.4984643356793,278.4852989535937,12.261880386280623,0.3604994855142929
210,64,267.08645348477955,208.41037307846267,4.239467515631421,0.7803105337588353
212,63,259.8152476151085,174.05462222820324,4.1240515494461665,0.6699168883500193
213,64,314.1908641285477,146.26637500579068,4.987156573469011,0.46553350751136874
214,64,286.5051237414276,214.41991714666278,4.5477003768480575,0.7483981938842319
215,64,237.74635155426864,130.63857773688275,3.7737516119725183,0.5494872029910534
216,42,320.49191311118545,279.3343433697925,7.8168759295411085,0.8715800054302322
217,63,456.0097938104493,197.18846245200717,7.238250695403957,0.4324215513098672
218,64,330.6464017841733,267.8003596240205,5.2483555838757665,0.8099297563166132
219,64,654.1753078811796,171.41236721141445,10.38373504573301,0.26202818288358376
220,64,736.2577877532132,179.7449914463173,11.686631551638305,0.24413322946957564
221,42,276.51786508675053,252.7756979066724,6.7443381728475735,0.9141387585477357
222,64,285.4565161268393,155.50127996140324,4.531055811537132,0.5447459461472165
223,64,351.26334223613884,271.02055267452744,5.575608606922839,0.7715594543660986
226,64,278.15888405586793,161.39014414328483,4.415220381839173,0.5802084829721627
227,16,26.982566002188797,13.215527502902614,1.7988377334792531,0.48978023446067304
228,64,251.5719800498272,201.07337102474773,3.9932060325369396,0.799267752254931
229,64,706.01235079516,220.10217484373183,11.206545250716825,0.3117540006146316
230,64,252.23147795301563,137.50517721500617,4.00367425322247,0.5451547060300694
231,64,375.7456389092451,184.05753955953145,5.964216490622938,0.4898461099743792
232,64,354.0137858640412,135.421547878662,5.619266442286368,0.38253184843674587
233,14,58.73733546996513,23.481805570199377,4.518256574612702,0.39977648598320586
234,17,33.90232067903831,24.183986235094668,2.1188950424398945,0.7133430912901353
235,64,210.06102538852915,135.12167100992917,3.3343019902941133,0.6432496021573157
236,64,242.34202959700485,135.34488077033555,3.8466988824921406,0.5584870317187782
237,64,268.5303743923788,192.54953002247913,4.262386895117124,0.7170493485445493
238,64,362.51401567952536,187.0648509980714,5.754190725071831,0.5160210168630915
239,64,393.60139605070566,125.58457390462827,6.247641207154058,0.3190653670558878
241,64,291.0914826053243,155.10705349706475,4.620499723894037,0.5328464169024357
242,64,315.0273696562299,163.92871404825763,5.000434438987776,0.5203634027962174
243,64,391.47863477212576,150.16568562355408,6.213946583684536,0.3835859029981634
244,63,399.6430132255659,190.58031003307957,6.3435398924693,0.47687637147684236
245,64,296.38914928218003,160.36211553237533,4.7045896711457145,0.5410525854969849
246,64,253.0690050544419,186.37984655753422,4.01696833419749,0.7364783629565341
247,64,374.34712723170315,146.87591314006482,5.942017892566716,0.39235218452512816
248,64,537.2153525051503,210.02836494147226,8.52722781754207,0.39095748839281114
249,64,328.50123819004006,139.9724471838401,5.214305368095874,0.4260941235870324
250,19,125.78421075568812,101.03122211165561,6.98801170864934,0.8032106852257437
251,64,342.7952580724504,171.3281563372029,5.441194572578578,0.49979733471398363
252,64,264.54941262923256,163.78767713543436,4.199197025860834,0.619119413298353
253,64,259.910039305934,235.72346278898985,4.12555617945927,0.9069425075632623
255,64,311.643331644558,237.54265292718958,4.9467195499136185,0.7622260090522865
257,16,81.35150830179293,78.2807792936627,5.423433886786196,0.9622535700661059
261,64,324.9796438750803,258.94919602699895,5.158407045636195,0.7968166650048305
263,64,283.56766688435243,169.44674227764446,4.501074077529403,0.5975531136515293
264,17,65.78043191933429,60.09519309821506,4.111276994958393,0.9135724917694222
265,64,259.324875745186,197.64551904013132,4.116267868971206,0.7621541067827943
266,64,263.3554303532438,219.01284586554436,4.180244926241965,0.8316245674971584
267,64,288.4981000525786,211.78862470769488,4.579334921469502,0.7341075198384203
268,38,359.1966119077668,168.5990671015077,9.708016538047751,0.4693782221553915
270,64,355.25155145392915,285.99073746480695,5.6389135151417324,0.8050372652683424
271,64,578.9228129008246,250.0928931806696,9.189250998425788,0.4319969564293419
272,64,258.65197513285693,215.87669377769203,4.105586906870745,0.8346222512579178
273,57,315.13406284874816,157.12743416631966,5.627393979441932,0.49860504683600193
274,64,331.805989647416,148.4261474466281,5.266761740435175,0.44732811364963254
277,64,272.1661029470018,172.3959491084087,4.320096872174632,0.6334218230768397
278,64,247.19426342699637,196.755528306337,3.9237184670951804,0.7959550742747904
280,64,641.4600321746052,312.95487072682107,10.18190527261278,0.4878789870444101
281,64,383.27540886779985,247.49563590598186,6.083736648695235,0.6457383651017082
282,45,144.79152596737015,110.58927148715036,3.2907164992584126,0.7637827610993787
283,64,247.36550919280023,170.26656410865104,3.926436653853972,0.6883197445927792
284,64,322.50314494360094,238.66681087421298,5.119097538787317,0.7400449099990972
285,64,289.6264601191623,231.22366526300507,4.597245398716861,0.7983513148897781
286,64,262.8426932339137,201.92184487369735,4.172106241808153,0.7682231618818464
287,62,553.0585062935393,247.82953390094704,9.06653289005802,0.44810726366336723
290,64,322.93060137389693,216.70506736598745,5.125882561490427,0.6710577023175361
291,63,263.78974818057316,174.65154713140234,4.187138860009098,0.6620861816504231
292,64,601.1583194179615,206.27536487408688,9.542195546316849,0.3431298515070068
293,64,239.24275297225898,174.3042179742107,3.7975040154326822,0.72856634447114
294,64,404.5141462268707,168.51129213214057,6.420859463918583,0.4165770065248384
295,64,725.8607255176503,257.4820187962949,11.52159881774048,0.3547264781582867
297,64,528.3568899076851,161.8318386077,8.386617300121985,0.30629266259019616
298,64,1055.1413107892738,181.2791009919556,16.748274774432918,0.17180551944872105
299,64,229.10194606676708,181.39820651547595,3.6365388264566203,0.7917794223476877
300,35,110.68159553394649,87.21926038728101,3.255341045116073,0.7880195435069466
301,14,90.4984057806241,64.94550511399774,6.961415829278777,0.717642532526277
302,64,265.55610064094486,196.9349167439053,4.2151762006499185,0.7415943985793743
303,12,96.88318673813465,77.03678115106099,8.807562430739514,0.7951511892283595
304,64,536.628927267131,194.36920399644387,8.51791948043065,0.36220411185490925
306,64,505.4559824415944,202.947326774455,8.02311083240626,0.401513353930687
307,64,430.08852055586704,212.0632312759412,6.826801913585191,0.4930688012827232
308,38,378.52045122351547,163.0028186310048,10.230282465500418,0.43063147078082714
309,34,185.82341079267238,124.60009139571804,5.6310124482627995,0.6705295681755478
310,64,892.9087035559896,209.80768134227756,14.173154024698247,0.23497103400014246
311,62,259.6845123282791,200.29586849458587,4.257123152922608,0.7713046369179796
312,64,263.02352120725413,197.14072163877893,4.174976527099272,0.7495174603925948
313,64,867.7585917386294,265.0516977028297,13.773945900613166,0.3054440488705225
314,20,62.94847002079983,47.222251777058766,3.3130773695157805,0.7501731457723324
315,64,438.8802516356021,184.21381261673014,6.966353200565113,0.4197359346432407
317,14,29.848991019547118,4.236143745963947,2.2960762322728554,0.1419191604563731
318,64,274.2332387994146,153.4300374163792,4.352908552371661,0.5594873841263429
320,63,358.59383379146203,161.69830632477132,5.691965615737493,0.45092327610632016
321,63,1220.7584449684914,271.7949103350031,19.689652338201473,0.22264430072570035
323,63,277.74814927576915,217.97207270718943,4.408700782155066,0.7847831687647734
324,64,268.18953621573985,162.75373671855743,4.256976765329204,0.6068608753908779
325,64,1000.1380678027517,216.33979724296856,15.875207425440504,0.21630993180597075
326,64,448.4328163428875,212.53064958908612,7.117981211791865,0.4739408933591018
327,64,383.65630890321665,147.69502309708554,6.089782681003439,0.3849670125829833
330,64,304.185515809009,231.5573192484552,4.828341520777921,0.7612371635533253
332,64,306.68211605654784,184.07900531272594,4.86797009613568,0.6002273874971711
333,64,284.35327126028636,221.63934217205386,4.5135439882585136,0.7794506502060723
334,64,471.8375464357539,245.63629081203197,7.489484864059586,0.5205950494350458
336,30,111.60241187872509,87.23159480363212,3.8483590303008652,0.7816282223221485
337,64,307.9371380503281,232.55724869254806,4.8878910801639375,0.755210138552823
338,64,424.2273848592294,224.50840037298317,6.733768013638562,0.5292171330417091
339,64,341.68295197047814,147.39699730122663,5.42353892016632,0.43138528408043586
340,64,337.29863153286976,265.85755873280823,5.353946532267774,0.7881963751960861
342,64,281.6364830268809,159.40952044038056,4.470420365506047,0.5660116144298168
344,64,359.93485950014906,267.55666030818145,5.713251738097604,0.7433474509241599
345,64,255.57635970282732,172.31741604654607,4.056767614330592,0.6742306535976528
347,64,763.9800989780093,204.31186238016693,12.12666823774618,0.2674308698007694
348,64,299.8057779141495,150.88178229267726,4.758821871653166,0.5032650916283636
349,64,996.3834263018017,188.2104949885111,15.81560994129844,0.18889364276870527
350,63,375.20306406363716,290.74378921277304,6.051662323607051,0.7748971611901889
351,64,287.21603990411717,180.02634530376722,4.558984760382812,0.6267976724554324
353,64,286.03948944407085,158.0527417427099,4.540309356255093,0.5525556700226661
354,64,376.8842767273057,283.8183416255682,5.98229010678263,0.7530649569414771
355,16,57.323037010757545,25.468565067497927,3.5826898131723466,0.4442989484789224
356,64,287.37839278115183,163.63019992731392,4.561561790177013,0.5693893627275024
358,64,385.23376645693696,285.38645398772996,6.114821689792651,0.7408137054352208
361,63,382.78809416034403,232.79155377494791,6.076001494608636,0.608147320479187
362,64,371.7517462003931,185.34471743764928,5.900821368260208,0.4985712086951141
363,64,474.2980117201787,309.4473071863192,7.528539868574265,0.6524322251826846
364,64,315.4273307278218,250.0918713071,5.006783027425743,0.7928668410883554
365,64,282.9793339928767,187.75044542694013,4.491735460204392,0.6634775860758307
366,28,112.17857244554193,76.55281840515144,4.006377587340784,0.6824192600803034
367,16,148.4395706883416,74.01934819105443,9.895971379222773,0.49864970538390196
369,64,405.1866862062501,332.07603119263774,6.43153470168651,0.819563037230702
370,11,34.7674255562706,28.832672235272653,3.47674255562706,0.8293013294472255
371,64,426.27028877284357,318.0687590586496,6.766195059886406,0.746166851023826
372,15,117.16870539104208,80.13730291113596,8.36919324221729,0.6839480102104355
373,64,278.61567972982095,173.11955617261955,4.422471106822555,0.6213561144171676
374,16,107.75564583189633,85.34678978982404,7.183709722126422,0.7920400748464622
375,64,394.4361764106491,339.1636443235152,6.260891689057923,0.8598695165587715
376,64,327.98474296658765,169.79745411653622,5.2061070312156765,0.5176992459488695
377,64,375.7014312852618,295.067996052893,5.963514782305743,0.7853789511620317
379,30,165.40785987887242,124.48298808476349,5.703719306168014,0.7525820609487478
381,35,234.38265695356506,162.78836215936298,6.893607557457796,0.694540988122743
382,27,298.668113941084,139.81813514498975,11.487235151580155,0.4681388089944232
383,63,640.050656720077,339.91650470053287,10.159534233652016,0.5310775032126772
384,64,599.6769978871553,197.22088982213043,9.518682506145321,0.3288785304705695
385,12,48.04499676716277,18.37593773434672,4.367726978832979,0.38247349299242933
386,64,545.5465123094684,306.57608769932466,8.659468449356641,0.5619614107722778
387,64,505.3426351490615,330.3141184132037,8.021311669032722,0.6536438753396902
388,31,165.1104782569521,104.14277786256808,5.50368260856507,0.6307460250977929
389,32,211.48575895127235,160.22797072610436,6.8221212564926565,0.7576300717393548
390,64,515.7406852142161,337.8581402599342,8.186360082765335,0.6550930534394483
391,64,419.380347397915,178.5241610326817,6.656830911078016,0.4256855671477019
392,11,60.33545214500731,58.97815735083732,6.033545214500731,0.9775041912189879
393,64,466.4011969573759,196.86436001837745,7.40319360249803,0.4220923130185894
394,64,340.2733462450422,165.7400892306106,5.401164226111781,0.487079258659465
395,12,29.718675932481915,17.28609462882925,2.7016978120438107,0.5816576306461856
396,11,49.71753108602631,42.474991155277145,4.971753108602631,0.8543262351821657
397,10,28.971702335294367,18.387653285487158,3.2190780372549295,0.6346763152777066
399,63,300.16663949263017,174.17394735070502,4.841397411171454,0.580257511777825
400,64,380.94702876734965,240.21363845472018,6.0467782344023755,0.6305696601230677
401,10,31.155455560050676,11.176431375909951,3.461717284450075,0.3587311170709061
402,64,697.4751317559246,207.37875134324327,11.071033837395628,0.29732780697307165
404,64,536.2163282285504,234.26987999373523,8.51137028934207,0.436894342191465
406,37,140.93763925005035,66.62618229572877,3.9149344236125097,0.4727351944466812
407,64,308.1195874778638,178.43624688263685,4.890787102823235,0.5791136108653145
408,64,392.03856089715043,187.97634739219498,6.222834299954768,0.4794843317504926
409,35,210.1848321603126,201.5161573479533,6.181906828244488,0.9587568963789571
410,41,190.3159223599049,97.40809251735813,4.757898058997623,0.5118231375993358
411,64,618.0997030082544,164.41088046138634,9.81110639695642,0.2659941101107287
412,16,58.09396255816911,30.489155820484626,3.872930837211274,0.5248248609303597
413,64,307.56542088868616,192.60482138145983,4.881990807756924,0.6262239130294404
414,64,642.1528836936621,254.57952594002393,10.192902915772414,0.3964469091467486
415,26,89.5090677846839,66.57032877440341,3.5803627113873557,0.7437272046508165
416,64,324.23582797974564,209.9919667801382,5.146600444122947,0.6476519516321187
417,63,391.7174401472977,318.4166284877553,6.318023228182221,0.8128732495750532
419,64,332.09445953530275,162.58581139862972,5.271340627544488,0.4895770065725722
420,63,263.61750430899855,200.09300590605596,4.184404830301564,0.7590277680177014
428,63,638.0702964842635,183.5179217782764,10.128099944194659,0.2876139553736497
455,63,426.5922449324896,230.22967084629457,6.771305475118883,0.5396949278408227
460,63,328.44709584374294,197.91196926066533,5.213445965773698,0.6025687904234689
468,50,252.4166450438209,159.2373965780997,5.15136010293512,0.6308514105734002
472,60,615.0616769135518,254.0013848008546,10.251027948559196,0.4129689660969643
475,21,170.4848427080952,113.6420262599592,8.524242135404759,0.666581406621218
478,59,463.04798827320684,216.93509946248045,7.983586004710463,0.4684937737694797
479,59,368.43377336185233,248.3642420359889,6.352306437273316,0.6741082386930398
485,58,488.4371609994548,211.8537097464945,8.421330362059566,0.43373790256456546
487,40,279.45750369406,127.50400686594237,7.16557701779641,0.4562554419921004
488,10,67.12002416424315,49.654489582368,6.712002416424315,0.7397865272048045
490,17,78.37871247502895,66.63384067973821,4.898669529689309,0.8501522744580349
492,60,740.9146194514539,183.12828644780694,12.557874905956846,0.24716516807751537
494,13,111.59292355625975,63.79745565701003,9.29941029635498,0.571698039838937
495,16,111.68139572298567,73.12976680837183,7.445426381532378,0.6548070637455389
497,54,529.1400870521232,173.07265230624282,9.983775227398551,0.3270828586630863
498,48,350.31537327256706,199.69525966765812,7.453518580267384,0.5700442370032184
499,10,70.1874247496957,23.218624702225206,7.7986027499661885,0.33080889895915255
501,25,228.91078252509595,133.44446091650036,9.537949271878999,0.5829540200967622
504,58,483.0298262681294,299.9865006088748,8.474207478388236,0.6210517121200556
505,58,402.6641543778198,177.28755111128007,7.06428341013719,0.4402864004252317
507,28,145.19463539401636,66.96339641644894,5.3775790886672725,0.46119745564104075
509,15,85.65954333566916,70.21686597963948,6.118538809690654,0.8197202932133861
510,42,191.53188243801262,141.68876258775302,4.454229824139828,0.7397659375775685
511,49,243.48833489229747,169.5448830351542,5.072673643589531,0.6963162449246253
512,25,144.6340097637597,83.1416647662746,5.785360390550388,0.5748417326054597
513,58,790.1998499537673,215.20322665213558,13.863155262346794,0.2723402524876797
516,13,92.84779358850112,55.73166030874215,7.737316132375093,0.6002475466002277
518,55,399.3324086459946,185.51974194242624,7.395044604555455,0.46457472002200606
522,15,78.78089866807775,28.628367635626795,5.62720704771984,0.36339224507002343
523,56,292.9367942668782,187.27252091812568,5.326123532125059,0.6392932693443495
524,29,320.55611918885705,164.93740347378207,11.448432828173466,0.5145351893176885
526,36,173.8683653282696,137.87487817505996,4.967667580807703,0.7929842666591322
527,56,554.4126528948553,210.27803376476342,10.080230052633734,0.3792807264891964
528,56,287.3539106593233,206.375940389166,5.224616557442241,0.7181942988548295
529,56,297.5402694981747,241.25422374454737,5.409823081784995,0.8108288136978627
533,55,283.6414733947405,165.0821023932603,5.25261987768038,0.5820097477900119
535,44,272.63056513956593,169.9090929303982,6.196149207717408,0.6232209981423682
538,55,240.14315043178365,168.17473472916257,4.447095378366364,0.700310354164922
541,55,571.1542062794554,178.2213124199129,10.576929745915841,0.3120371179280302
542,53,494.93790507782944,173.53689547788647,9.518036636112104,0.3506235705479006
544,53,251.5346964997577,179.74918311952095,4.745937669806749,0.7146098952583032
545,39,234.31584898447971,187.35928752741697,6.166206552223151,0.7996014283260328
546,54,270.7789568902434,175.85242684350305,5.109036922457423,0.6494316576999831
547,54,419.7699036493463,179.48839092520487,7.920186861308421,0.42758756491303873
548,53,429.81930800690446,90.2635160556211,8.265755923209701,0.21000339997330025
549,53,865.0281415513927,188.6875530172293,16.63515656829601,0.2181288029298398
550,20,201.08877005264864,61.14208474968224,10.583619476455192,0.3040551928070083
551,12,86.46287418344423,74.03857680574302,7.860261289404021,0.8563048303096985
552,54,466.49153815343556,232.24827197066944,8.801727134970482,0.49786170375137595
553,54,384.51759185009604,205.8330783309747,7.255048902832001,0.5353021102119525
555,53,313.08487531597757,193.00794073412715,6.020862986845723,0.6164716214391894
556,53,545.0323953243808,169.83320481675912,10.481392217776554,0.3116020373718913
557,53,737.205742062223,220.66869766671851,14.177033501196595,0.2993312247533922
558,28,232.44482253872897,80.94218793163684,8.609067501434406,0.3482210833848562
559,54,306.7248006730303,205.42504172002242,5.787260390057176,0.6697373061104577
561,19,89.59549575630447,26.157449410022277,4.977527542016915,0.2919504958281531
562,28,234.68099037365474,103.77468790360646,8.691888532357583,0.4421946904961425
563,36,243.5848430175348,136.33411459398644,6.959566943358137,0.5596986779024351
564,54,327.7067240315782,190.2040206900941,6.183145736444871,0.580409270673878
565,51,276.971045428276,196.05663294690197,5.53942090856552,0.7078596704711233
566,52,235.4990944402734,129.29029727889122,4.617629302750459,0.5490054965441977
568,37,323.3640503337179,142.08557633849534,8.982334731492164,0.43939818353914206
569,52,262.2153760626394,180.4115057450446,5.141477962012537,0.6880279427318822
570,12,56.109166810673315,25.81028525457485,5.100833346424847,0.46000122122050674
571,52,342.16940220118806,166.76250089925466,6.709203964729178,0.48736824457846173
572,29,296.0637546737085,121.01449586060004,10.573705524061017,0.4087447178192074
576,52,287.2169572059665,115.25929013848827,5.631705043254245,0.4012969542596837
577,40,222.51054761811088,156.6404218604668,5.705398656874638,0.7039685243564486
579,50,438.21823482634557,138.35945538202188,8.943229282170318,0.3157318531869175
580,50,251.0708757365504,214.61600778515748,5.123895423194906,0.8548024821897497
581,11,60.56708135952578,41.43744893571006,6.056708135952578,0.6841579287887036
582,49,457.1270992698402,136.37779742710003,9.523481234788337,0.29833671564195935
583,38,193.1919817179127,129.26877606443495,5.221404911294938,0.6691208139951969
584,48,289.7634100248761,175.03952222105505,6.165178936699492,0.6040773823238343
585,49,277.89696149716735,204.05798704539075,5.789520031190986,0.7342936962895535
586,49,230.68200778080407,192.30721556477442,4.805875162100085,0.83364635766265
589,48,304.028818028512,174.90487459360506,6.468698255925787,0.5752904468983674
591,13,101.32543442493626,90.31227884956586,8.443786202078021,0.8913090712329573
592,19,101.05734285585537,62.19572781900342,5.614296825325298,0.6154498630318949
593,31,181.8258231034542,116.31013386246535,6.0608607701151405,0.6396788524162923
594,20,125.013852041064,29.77286695003749,6.579676423213894,0.23815654396648644
598,49,830.9050610629552,171.10545522863274,17.31052210547823,0.2059266013011667
599,47,298.0468480382343,166.59593199238398,6.341422298685837,0.5589588787431584
601,48,443.3678416190477,131.44800349655554,9.23683003373016,0.2964761788237651
602,48,618.3215750756406,156.7432685113264,13.155778193098735,0.2534979771523445
604,17,91.79789258767215,64.61379429472778,5.7373682867295095,0.7038701267898713
607,47,187.86503160110698,133.455925935857,4.084022426111021,0.710381941750732
608,46,619.60395762482,152.57867031694047,13.768976836107113,0.2462519298647367
609,46,429.38582056610755,101.76351385311624,9.54190712369128,0.23699784431388526
610,46,738.5972860981925,166.54003320103186,16.41327302440428,0.22548151250435447
611,25,163.9454842244393,107.01367258631268,6.831061842684971,0.6527393730455687
612,46,225.92803323115533,186.12617569710983,5.02062296069234,0.8238294869175321
613,25,207.90013501833295,128.125662841596,8.662505625763872,0.616284654313946
614,47,209.19541238041154,175.03062814478199,4.547726356095903,0.8366848304803999
615,47,209.1140722829476,175.6480041290762,4.545958093107557,0.8399626204563163
617,47,344.8522808831426,181.99974562209954,7.4967887148509265,0.5277614668982641
618,46,525.9733388060861,154.59169677030073,11.688296417913024,0.2939154618011827
619,47,680.7273655335208,128.8632083049828,14.798420989859148,0.18930222998158172
620,45,250.90304004309215,175.78471095623135,5.702341819161185,0.7006081350231573
621,46,195.52147258486391,160.4498350471274,4.344921612996976,0.8206251360831274
622,46,440.09759526929247,171.56388604354086,9.779946561539832,0.3898314553129112
623,46,224.8609740916874,151.8468331909629,4.996910535370831,0.6752920723764504
625,44,206.3264639030055,163.43284018243085,4.689237815977398,0.7921079879470089
626,45,561.9532723792371,146.57530751017526,12.771665281346298,0.2608318426363005
627,45,244.97456113820496,167.1293352283159,5.567603662231931,0.6822313894626314
628,45,181.73068635215643,105.26265670149378,4.130242871639918,0.5792233486507422
629,44,443.4885073777643,124.46412142422035,10.313686218087541,0.28064790711296067
630,44,223.1323369573544,132.0251683093704,5.189124115287312,0.5916899814239088
631,44,364.21213437099544,166.56396360202638,8.470049636534778,0.45732678261718823
632,44,407.1297172188301,122.16359147405812,9.468132958577444,0.30006061043290494
633,44,220.0656868765003,122.03950148264836,5.117806671546519,0.5545594282089796
635,43,327.80943697557535,183.23585769694142,7.804986594656556,0.5589706610874479
636,43,286.09840634739555,177.38219274799036,6.811866817795132,0.6200041272952904
637,19,101.1593948820707,78.80838824623443,5.619966382337261,0.7790515981052224
638,42,606.4142650866969,134.66854692340766,14.790591831382851,0.2220735142240669
639,43,199.1260110298321,147.33399037630716,4.741095500710289,0.7399032884470039
640,42,481.2984433865781,146.40599053534427,11.738986424062881,0.304189619864927
641,43,270.1828925657626,159.69716461369833,6.432926013470538,0.5910706007221682
642,42,982.01457668075,125.2408435873464,23.9515750409939,0.12753460749092507
643,41,218.32790715990666,134.9047878343005,5.458197678997666,0.6178998809139602
644,41,342.1196212710292,120.61141691282813,8.55299053177573,0.35254165331043397
645,31,176.83679885309084,117.24407802846618,5.894559961769695,0.6630072405114504
646,10,47.089004499641405,26.173146654934595,5.232111611071267,0.5558228918416381
648,40,176.2118726390533,146.4822503841834,4.51825314459111,0.8312847947778916
649,40,190.5936779375451,160.78170892709807,4.887017383013977,0.8435836417395964
650,40,454.67801480290433,172.86738996477814,11.658410635971906,0.38019737998485237
652,40,266.5880934922494,130.55851994719114,6.8355921408269085,0.4897387510331061
654,39,215.2903415830556,183.61820916969754,5.6655353048172525,0.8528864222125847
655,21,105.24928492759314,91.62669043146765,5.262464246379657,0.8705682940696725
657,40,182.847452323499,99.82102889428226,4.688396213423052,0.5459251831284803
658,39,157.19838775816388,100.18262029175304,4.136799677846418,0.6373005583611667
659,40,249.43379628830016,153.08269727193218,6.395738366366671,0.6137207529608233
660,40,200.19242576026352,155.62628256524496,5.133139122058039,0.7773834698002617
661,38,694.2639675617354,101.27820315674552,18.763891015182036,0.1458785244356494
662,27,138.60190481113352,69.79546607397398,5.330842492735905,0.5035678706514248
663,29,129.20856406637034,118.45248883168314,4.614591573798941,0.9167541616733536
665,38,226.2244204371533,82.02335308994213,6.114173525328468,0.3625751496299171
668,37,178.50614785210578,150.69101673113698,4.9585041070029385,0.8441783016682768
669,12,54.69472069406274,46.78208777252209,4.557893391171895,0.8553309566054775
671,13,66.47895680336632,44.63171228996724,5.539913066947193,0.6713660146921441
672,37,161.60564682218003,130.050995496552,4.489045745060556,0.8047428914390061
673,38,157.39357905792858,123.41166686205301,4.2538805150791505,0.7840959434350968
674,37,209.47397340957264,149.60058595309715,5.81872148359924,0.714172665549202
675,37,181.85489587371794,167.7239347239203,5.0515248853810535,0.9222954043557324
676,38,431.56276797402404,161.67117466372238,11.663858593892542,0.3746179852879557
677,37,209.84814665153493,181.9933178511212,5.829115184764859,0.8672619737420493
679,38,170.26826481354811,137.47077893172937,4.60184499496076,0.8073775760989075
681,38,465.54886475504657,122.71081800357562,12.582401750136393,0.2635831108043647
682,36,571.0902558357618,108.47270774267672,16.316864452450336,0.18993969277926548
684,36,183.21002054009085,141.440341191016,5.2345720154311675,0.772012037191303
685,36,343.43383096654924,70.30600206046259,9.812395170472834,0.204714840883892
686,36,187.10230820749365,134.1662703502744,5.345780234499818,0.7170743730295728
687,36,440.2050160377622,153.0695918172906,12.577286172507492,0.3477234157735263
688,11,48.40667464966914,33.60240525417872,4.840667464966915,0.6941688413295787
690,28,101.5720407425933,69.48438930861651,3.761927434910863,0.6840897239103996
691,36,519.8675225051929,117.52537578722594,14.853357785862656,0.2260679321164018
693,20,100.38436690947759,78.16532572394242,5.283387732077768,0.7786603445377966
694,35,204.26613461450742,113.15454963252719,6.007827488661983,0.5539564835163366
695,35,188.59479773258005,138.42485658466563,5.546905815664119,0.7339802489194139
696,35,161.6753696437743,123.76132203369916,4.755157930699244,0.7654927420694156
698,35,442.62745416706974,155.74444206504765,13.018454534325581,0.35186349287376534
699,35,156.57558270460459,116.05176282233312,4.605164197194252,0.7411868493012497
700,34,264.096886441958,90.91018984338423,8.002935952786606,0.3442304491664806
701,34,162.3202512894506,81.99107225131108,4.918795493619715,0.5051191801391685
703,34,438.49792098641063,94.05906394610754,13.28781578746699,0.21450287320523578
704,29,120.13699001687893,84.2016987709279,4.290606786317104,0.70088070925614
706,14,107.20611316023212,45.60683104641153,7.657579511445151,0.4254125973044724
708,16,91.7007697464732,57.75880871591109,6.11338464976488,0.6298617653439325
709,33,160.65379063773867,107.24355613967397,5.020430957429333,0.6675445111749622
710,10,36.89165948931561,23.025602488474487,4.099073276590623,0.6241411421230063
711,33,111.46418086268866,73.73579215018256,3.4832556519590208,0.6615200648270745
712,33,176.24876367417517,145.11107584526536,5.507773864817974,0.8233310283726418
713,20,95.22635971041937,71.45159894060608,4.761317985520969,0.7503342473437853
714,33,308.0381504612561,62.229179908891126,9.626192201914254,0.20201776895397272
715,33,786.9816881927793,118.5188884875686,24.593177756024353,0.15059929635686284
716,31,151.8322362285118,104.19178321447785,5.0610745409503926,0.6862296558529658
717,32,161.1287984310367,94.61429377817761,5.197703175194732,0.5871966693692725
719,32,603.0847759618327,42.747507986607005,19.454347611672024,0.07088142445385216
720,32,282.39580892809346,121.71767276794706,9.109542223486885,0.431017985819117
721,32,162.9162463724659,133.91413170357777,5.255362786208577,0.8219814455914832
722,16,84.59746877964815,47.78709322599056,5.639831251976544,0.5648761590073347
723,31,154.808928871195,135.0141247195026,5.1602976290398335,0.872133963486291
724,31,365.6864287083271,136.8941932358171,12.189547623610904,0.37434857432186647
726,32,186.2550860379539,142.02866341671677,6.0082285818694805,0.7625491815443636
727,31,166.28273813063961,148.4346611827233,5.542757937687987,0.8926642828439953
728,23,93.14320120155693,78.0623815777096,4.049704400067693,0.8380899579432186
729,29,1034.3700052871689,118.79881909018633,36.94178590311317,0.11485137666690615
730,28,159.58113643255763,121.73988678663068,5.502797808019229,0.7628714114219918
731,29,445.86778652979774,114.24541755001756,15.923849518921347,0.2562316027340595
732,30,145.78100104196602,103.53673303655265,5.026931070412622,0.7102210322094543
733,30,318.30395853693955,102.50054870569858,10.975998570239295,0.32202096755828835
734,30,136.75754944216246,102.29332540979459,4.715777566971119,0.7479903363803437
735,29,105.19242508846952,71.68899336758973,3.756872324588197,0.6815033811350718
737,29,103.52029608800673,65.85956713270336,3.697153431714526,0.6361995629988685
738,30,556.6668555273321,130.0864698931123,19.195408811287315,0.23368818998551838
739,22,134.7569153195073,87.2433565879268,6.416995967595586,0.6474128350376207
740,29,478.21347225491843,138.03586937502635,17.0790525805328,0.2886490602703982
741,20,142.73334356918625,88.63764053941243,7.512281240483486,0.621001640702459
742,24,96.16074175736993,53.998735831106934,4.1809018155378235,0.5615465817365991
743,30,381.34151411195387,56.566235336062675,13.149707383170822,0.14833484748648693
744,29,449.194927335036,100.39205361535163,16.042675976251285,0.22349329323675404
745,29,136.2120447030666,128.46910647983975,4.864715882252378,0.9431552603141231
746,29,124.18113579567819,95.10067461030927,4.435040564131364,0.7658222321849548
747,28,131.7693742216577,89.6795555135307,4.7060490793449175,0.6805796570201129
748,30,238.35426187963515,59.67502580764808,8.219112478608109,0.25036273879500826
750,28,232.05879073347714,104.38305417909677,8.59477002716582,0.4498129713128697
751,28,173.07527308422465,107.91136249723328,6.410195299415728,0.6234938161543142
755,28,363.9780695055379,85.6992424654337,13.480669240945849,0.23545166493644965
756,28,219.31251997672936,47.00393060779255,8.12268592506405,0.21432397298968614
757,23,118.45298945840888,109.72901790629211,5.38422679356404,0.926350769262941
758,28,107.67757335836204,28.765014128191783,3.9880582725319274,0.2671402524317562
759,28,137.01134588653616,119.32882082894619,5.074494292093932,0.8709411622579528
764,26,93.43809832045652,63.446455781487685,3.737523932818261,0.6790212656500231
765,27,215.62270769549775,125.66980015828985,8.293181065211453,0.5828226604767465
766,26,376.3199585317532,100.44154616926366,15.052798341270126,0.26690464827097016
767,27,143.09877286283663,108.85113169111969,5.503798956262947,0.7606713147390575
768,21,94.85545717896234,71.15060472960428,4.742772858948117,0.7500950060824179
769,27,622.3479839276756,83.51623996839153,23.936460920295215,0.1341954053443148
770,27,123.855099348282,116.0650003827776,4.763657667241615,0.937103122871037
771,27,193.37070866224857,11.013873630521532,7.437334948548022,0.05695730085862664
772,26,213.85764257910984,99.18359069717192,8.225293945350378,0.46378324151067973
774,25,189.63485803211657,108.94224848554138,7.901452418004857,0.5744842990158008
776,25,160.6443086981066,49.43119074815761,6.693512862421109,0.30770583252377753
777,25,151.582297604811,68.73765190906963,6.315929066867125,0.4534675420231128
779,25,123.62406549860397,108.6350398089637,5.151002729108499,0.8787531729426133
780,25,130.75121987012076,79.35260066465649,5.447967494588365,0.6068975933339658
781,25,130.40757798857558,95.8716425122877,5.433649082857316,0.7351692592641096
782,24,73.40379094150032,52.28366532862454,3.191469171369579,0.7122747293841047
783,23,99.69857185287802,83.07012334658062,4.53175326603991,0.8332127712838708
784,23,115.53701052196607,82.9067653775828,5.251682296453003,0.7175775537469047
785,15,104.07031534315085,94.07279921126614,7.4335939530822035,0.9039349876194771
786,24,300.13663856444794,104.55889347064857,13.049419068019475,0.3483709752023387
787,14,65.4925906771746,54.65090925354325,5.037891590551893,0.8344594203476839
788,23,159.80888950113052,62.72733120023269,7.264040431869569,0.3925146554490571
789,23,118.9308818467811,72.13029836421936,5.405949174853687,0.6064892250369838
790,24,178.8954376249202,77.56915265496933,7.778062505431313,0.43360050812253875
792,24,341.6750183462424,42.36860224965106,14.855435580271408,0.12400263400795693
793,24,207.0461329167518,86.94077919808569,9.002005778989208,0.41991018123986146
794,23,90.62602908506705,79.04286495811694,4.119364958412138,0.8721872265188023
795,23,429.5723712878603,104.5079078494698,19.52601687672092,0.2432835881324363
796,24,135.73552780014245,121.29922684815668,5.9015446869627155,0.8936439030668386
797,24,117.41215000108815,110.90260944939807,5.1048760870038326,0.9445582032896106
798,24,155.16728157697526,54.40172786979337,6.746403546825011,0.35060050879866583
799,24,119.91977786451935,71.40352916144053,5.213903385413885,0.5954274635340755
801,13,63.25867480398608,61.730604011448136,5.271556233665507,0.9758440909919021
802,22,129.02469051161168,40.58229479568089,6.144032881505318,0.31453123146246686
803,22,98.40401952375377,48.959412656100035,4.6859056916073225,0.49753468296365383
804,22,162.25629282550258,69.7513139624872,7.726490134547742,0.4298835672124025
805,22,100.00844100835428,61.10458454425889,4.762306714683537,0.6109942713650988
807,21,173.3866757921769,80.23727109905221,8.669333789608846,0.46276491969443745
808,20,141.55419057172455,118.60340149127985,7.450220556406555,0.8378657036732821
809,20,91.79767925833953,71.25775576431435,4.831456803070502,0.7762479001650885
810,16,115.52220292961763,66.1427322399165,7.220137683101102,0.5725542844799646
811,21,109.08876990965797,67.7248015992912,5.454438495482899,0.6208228551424458
812,20,249.57916842138897,82.55659679191069,13.135745706388894,0.33078320323802946
813,18,88.28791811319174,39.81730679167815,5.193406947834808,0.4509938351998444
814,21,136.22926251442874,95.3652249573707,6.811463125721437,0.7000348030752209
815,21,172.46416012294696,61.16761745351857,8.623208006147348,0.3546685723567908
816,19,164.9086398458493,62.88598839853069,9.161591102547185,0.3813383486596837
817,19,201.20086891966196,43.5116876975234,11.177826051092332,0.2162599392893144
818,17,56.17760094595114,44.5508149158359,3.5111000591219463,0.7930351984716925
819,17,76.4520748256969,49.92052958037371,4.778254676606056,0.6529650070869566
820,17,75.45788104921692,34.221975502103405,4.716117565576058,0.4535242048445853
821,18,179.52037277899143,29.45589321879703,10.560021928175967,0.1640810609003155
824,18,100.54859864724705,90.49177626336629,5.914623449838062,0.8999804818845568
825,17,77.17462699945177,71.81118514638298,4.823414187465736,0.9305025231530191
826,18,73.65826154308124,47.51288097341844,4.332838914298897,0.6450448324201775
828,16,72.5369754671161,64.42686212139019,4.835798364474406,0.888193389736762
829,14,50.957890774707174,47.89797015804748,3.919837751900552,0.9399519766195173
830,16,76.0211271923338,41.17218726413705,5.068075146155587,0.5415887501900785
834,15,99.57275697879338,57.76709260719811,7.112339784199527,0.5801495746421997
835,14,96.29610472744699,56.95762925698377,7.407392671342076,0.5914842497336168
836,15,60.015077332203774,57.27002833418921,4.286791238014556,0.9542606771491806
837,15,42.11220563612277,23.472363457459355,3.008014688294484,0.557376729689156
838,15,58.63932756078944,52.45601822050896,4.188523397199246,0.8945535428613084
841,13,50.71061356563001,49.53130311804801,4.225884463802501,0.9767443072630992
842,13,55.55416121184486,50.49767611408262,4.629513434320405,0.9089809838280102
843,13,47.51660027108786,40.410226788906456,3.9597166892573217,0.850444403815957
844,11,38.72387944819726,30.281169350156834,3.872387944819726,0.7819766454615005
846,10,37.275116400013964,15.350145239502579,4.141679600001551,0.4118067687508772
849,10,32.5462680585395,30.034711437111987,3.6162520065043893,0.9228311947498837
854,12,63.97198696183074,62.198971553908756,5.8156351783482485,0.9722845030750747
855,12,76.03865302774113,27.238057847450325,6.91260482070374,0.35821331339881946
856,11,35.65940455659808,30.2282956318388,3.5659404556598084,0.8476949070717346
857,10,42.14259804890614,23.200579773106217,4.682510894322904,0.5505256165313334
858,11,134.6021522413804,36.991949566709536,13.46021522413804,0.2748243542226006
860,12,56.68640029884753,34.01394794578759,5.153309118077048,0.6000371829304376
861,12,44.63331703415312,26.614888524623122,4.057574275832102,0.5963009315273965
